,label,dp,unit,mfr,mifr,med_isi,mode_isi,prct5ISI,entropy,CV2_mean,CV2_median,CV,IR,Lv,LvR,LcV,SI,SKW,relevant_channel,trough_voltage,trough_t,peak_voltage,peak_t,repolarisation_t,depolarisation_t,peak_50_width,trough_50_width,onset_t,onset_amp,wvf_width,peak_trough_ratio,recovery_slope,repolarisation_slope,depolarisation_slope,spatial_decay_24um,dendritic_comp_amp
0,PkC_ss,/media/npyx/4TB_ssd/optag_recordings/PkC/18-08-30_YC001/18-08-30_YC001_probe1,431,150.7322930606118,168.88792654984326,0.005733333333333333,0.005,0.0042,6.195362014288122,0.2710327659527819,0.17449664429530198,0.4304108067088572,0.2812211603653367,0.10894382127798402,20.69767223868028,-0.06588642082019192,0.00862764757578224,2.4525975461934175,276,-318.6037407381996,4150,307.6406635908342,4858,249,369,783,354,3696,-15.93018703690998,708,0.9655902434730863,-0.11027087067200698,0.42220491045405034,-0.2794949223837487,224.47265625,1.0344596424977772
1,PkC_ss,/media/npyx/4TB_ssd/optag_recordings/PkC/18-08-30_YC001/18-08-30_YC001_probe1,437,169.61920977039634,181.01532929247563,0.0054,0.005,0.0042,6.239865362324568,0.2007376757221135,0.1404682274247492,0.3118672105504777,0.2047712855667052,0.058696226086310255,13.163842010778371,-0.04901104761560978,0.004486850981662742,2.5197711027894343,279,-307.1401404706365,4150,275.4858157244786,4858,243,317,779,354,11,-15.357007023531825,708,0.8969384962263369,-0.10131296711900172,0.3906286146870228,-0.25996358099996564,250.25390625,0.8255696380510299
2,PkC_ss,/media/npyx/4TB_ssd/optag_recordings/PkC/18-08-30_YC001/18-08-30_YC001_probe1,487,67.87349387328912,77.59855206474408,0.013433333333333334,0.01,0.0077666666666666665,7.095213575195707,0.3607920538562664,0.308903474857895,0.38869939531184755,0.373601582978814,0.14987306479146592,15.993905611645378,-0.08560624133960866,0.01169594584441509,1.0806710988698338,325,-164.50951049670687,4150,159.65478354829858,4758,219,440,788,374,3581,-8.225475524835344,608,0.9704896882025221,-0.10723948841416756,0.44676670127981494,-0.18987432516372532,230.33203125,0.9000924538089137
3,PkC_ss,/media/npyx/4TB_ssd/optag_recordings/PkC/18-08-30_YC001/18-08-30_YC001_probe1,492,62.17747869349329,70.18585877928518,0.015133333333333334,0.012,0.008433333333333333,7.201188983505612,0.33633318270156876,0.2897669706180345,0.3527021954907575,0.3466067422615034,0.13028871313175142,13.14479774220717,-0.08324979065713076,0.010068534099927312,0.7922088316561678,325,-391.02619460071355,3543,467.397648531833,4150,230,280,758,439,3141,-19.55130973003568,607,1.1953103269951115,-0.09835800806811879,0.3403476097159975,-0.11196339768303862,216.50390625,0.7304399094806088
4,PkC_ss,/media/npyx/4TB_ssd/optag_recordings/PkC/18-08-30_YC001/18-08-30_YC001_probe1,494,70.14020637160182,74.99110005945612,0.0139,0.012,0.008766666666666667,7.322565269901225,0.2500305391601415,0.21411192214111918,0.2561318136536284,0.2541545182383667,0.07252049945202256,8.310696738849863,-0.0604477082024456,0.0054409539549919285,0.44261713712645473,329,-320.12376938117427,4150,277.21661464050493,4859,263,235,760,348,22,-16.006188469058714,709,0.8659669826342092,-0.09601367307107632,0.3646379967773582,-0.3183725332426841,597.48046875,0.777856134547755
5,PkC_ss,/media/npyx/4TB_ssd/optag_recordings/PkC/18-08-30_YC001/18-08-30_YC001_probe1,512,49.72042466086199,54.81063932580726,0.0191,0.017,0.011433333333333334,7.125057172639807,0.30744196097407855,0.2642089093701997,0.3215591984197544,0.31520678369496546,0.10906592334452894,8.789082311521284,-0.07905871492075384,0.008336070250411883,0.8709066156242861,339,-179.87168547612515,3441,199.44605001372116,4150,272,381,883,438,2954,-8.993584273806258,709,1.108824045795658,-0.10794910690897434,0.4132541740253012,-0.14295906481035356,285.05859375,0.7720746646368524
6,PkC_ss,/media/npyx/4TB_ssd/optag_recordings/PkC/18-08-30_YC001/18-08-30_YC001_probe1,668,0.0,0.0,0.0,0.0,0.0,0.0,0.0,0.0,0.0,0.0,0.0,0.0,0.0,0.0,0.0,323,-153.17808383644353,3442,157.83966365944013,4150,264,433,833,421,2902,-7.658904191822177,708,1.030432420266949,-0.1013374549689437,0.350637214953108,-0.20375912029383178,238.30078125,0.6336726589417461
7,GoC,/media/npyx/4TB_ssd/optag_recordings/GoC/20-03-06_DK186/20-03-06_DK186_probe1,430,6.519061423505828,14.531369272221223,0.11103333333333333,0.028,0.021018333333333333,6.8685070168414395,0.8371917149636144,0.8104924212675725,0.8597228032460481,1.0096514769497875,0.7214417059338869,10.600922226295726,-0.4067297449135394,0.07450704871739051,1.4136154877315534,227,-62.768506448957176,4252,16.866638652579585,4758,143,130,1281,259,181,-3.138425322447859,506,0.2687118048012723,-0.02175151121913582,0.3582793444432767,-0.61676526467454,20.859375,21.29773158882127
8,GoC,/media/npyx/4TB_ssd/optag_recordings/GoC/20-03-06_DK186/20-03-06_DK186_probe1,495,11.378731084577288,32.03044636287014,0.05776666666666667,0.009000000000000001,0.0089,6.6175145833156295,0.8888936607760883,0.8753139308711779,0.9885845773482085,1.1024617833533819,0.8053496706713499,22.888300317654938,-0.36030680966214534,0.0872330749143474,1.628574623261005,245,-35.907613542810104,4453,9.373970911086719,5567,306,100,1042,389,696,-1.7953806771405052,1114,0.2610580316040997,-0.009653124374760748,0.1754517819268129,-0.2913644104135355,69.4921875,20.758504893960183
9,GoC,/media/npyx/4TB_ssd/optag_recordings/GoC/20-03-06_DK186/20-03-06_DK186_probe1,590,9.145025897050607,44.64213914594909,0.06476666666666667,0.004,0.005065000000000001,6.486943954954024,0.9427730770787169,0.9225556631171344,1.086640185211065,1.2463431566142567,0.918867842031148,24.86301818805522,-0.4584690427816039,0.11157157082005055,1.513634409367517,281,-10.884158891328205,4251,25.187208424807906,4657,203,138,431,204,2422,-0.5442079445664103,406,2.3141162010116783,-0.24158962114393506,0.37348010367873735,-0.22851703701459222,24.0234375,12.905908012910034
10,GoC,/media/npyx/4TB_ssd/optag_recordings/GoC/20-03-06_DK186/20-03-06_DK186_probe1,617,4.6736874332673075,6.894719073698347,0.16758333333333333,0.08,0.06787833333333333,6.727059781928399,0.621706840810613,0.5748735900427849,0.6950776389336238,0.6842248983043369,0.4124682087654289,3.625892222297743,-0.3609141371218487,0.036109957078580855,1.6068179653317554,284,-67.77804696075737,4150,65.74096545691548,4960,284,251,868,404,3812,-3.3889023480378686,810,0.9699448184893652,-0.09991566604268771,0.3074288734239282,-0.2632088195677581,108.69140625,1.5520938681983256
11,GoC,/media/npyx/4TB_ssd/optag_recordings/GoC/20-03-06_DK186/20-03-06_DK186_probe1,423,16.95912651284249,25.0959684222156,0.04738333333333333,0.03,0.01748166666666667,6.924779239657625,0.6359317589087052,0.5874558303886926,0.6638120975794874,0.7046212327809275,0.4325857427663532,12.780647039071251,-0.2087425559507634,0.038395778337417835,1.3758513812175286,225,-43.80259073133912,4150,21.79648909165752,4960,236,164,1147,281,53,-2.1901295365669564,810,0.49760730421963245,-0.029673338464437395,0.3298894266316433,-0.4995849257108245,30.8203125,17.852181958271085
12,GoC,/media/npyx/4TB_ssd/optag_recordings/GoC/20-03-06_DK186/20-03-06_DK186_probe1,427,65.62337327606156,71.47141543142577,0.014366666666666666,0.012,0.009233333333333333,7.176177864975124,0.32857783271379537,0.2867194371152155,0.30518584797978654,0.33756422064771274,0.12231632633484765,12.561345212222637,-0.06923283297094227,0.00937065782137353,0.8940792219868535,226,-286.25465233946227,3442,302.61066993688246,4150,291,322,806,392,3038,-14.312732616973115,708,1.0571379974569775,-0.11134349856935645,0.3775289085355809,-0.20171501587366358,420.3515625,0.709903681132133
13,GoC,/media/npyx/4TB_ssd/optag_recordings/GoC/20-03-06_DK186/20-03-06_DK186_probe1,473,38.985836366404556,54.57777195222422,0.021166666666666667,0.012,0.008433333333333333,6.968892539118904,0.5899870363744043,0.5390843317800423,0.6165774781973123,0.6443467128986649,0.3762673628542038,24.815657722208606,-0.15263425583311124,0.032512546811681316,1.3204931216031355,239,-108.37894912870468,4150,68.63746483946213,4758,197,313,1190,388,52,-5.418947456435234,608,0.6333099314143762,-0.02356689484749132,0.3360032653208807,-0.2227845840103387,117.3046875,10.938415619972206
14,GoC,/media/npyx/4TB_ssd/optag_recordings/GoC/20-03-06_DK186/20-03-06_DK186_probe1,496,44.68307683523421,57.3073476924858,0.0196,0.014,0.008566666666666667,7.099757135168805,0.5212083293898515,0.4686595949855352,0.5152404343379223,0.5583233169599229,0.2980637285931842,22.33816789217321,-0.12773949870930962,0.024831489932282822,1.1314287110987788,243,-59.374506894895724,3847,33.101030804061466,4859,341,236,1313,404,3512,-2.9687253447447866,1012,0.5574956750825172,-0.03346522669666651,0.30038068822004077,-0.23338431775950033,92.51953125,26.513730580396064
15,GoC,/media/npyx/4TB_ssd/optag_recordings/GoC/20-03-06_DK186/20-03-06_DK186_probe1,499,24.546015124050786,49.08562233880942,0.030866666666666667,0.005,0.006533333333333334,6.921764251034432,0.7715785015105892,0.7314644953483429,0.8035977333594095,0.9019582964329849,0.6202307467140132,31.40429631385171,-0.24091333906225393,0.060711455753294105,1.3053710079147953,248,-94.09352274286499,4352,24.667454205543358,5061,171,71,922,301,4168,-4.70467613714325,709,0.2621588977272494,-0.020740284142941122,0.3094042787703085,-0.3899329251598851,100.1953125,31.69072203633076
16,GoC,/media/npyx/4TB_ssd/optag_recordings/GoC/20-03-06_DK186/20-03-06_DK186_probe1,578,6.88480357153615,22.38643703374278,0.09453333333333333,0.013000000000000001,0.011533333333333333,6.653677040602524,0.9245612759400303,0.9102521008403361,0.9861826909594866,1.184044676287982,0.8725241669575197,16.08634591788494,-0.45786079946182606,0.10011204234169174,1.4387575067293599,273,-51.435536155323796,4150,35.0954051180022,4758,220,308,841,359,227,-2.5717768077661898,608,0.6823182519575948,-0.05883909342403874,0.33420904917673727,-0.2586766373314622,43.359375,13.076823094675554
17,GoC,/media/npyx/4TB_ssd/optag_recordings/GoC/20-03-06_DK186/20-03-06_DK186_probe1,605,16.75878033802655,40.060807594761734,0.04073333333333334,0.006,0.007205000000000001,6.669295245776428,0.8467184119009941,0.8284098051539911,0.9345542572139822,1.0237929393999945,0.7322133704290612,27.855919566846712,-0.2961789910156777,0.07604611470246214,1.5984603839604423,281,-54.01186024972558,3441,68.54947773737649,4150,254,501,777,471,2708,-2.700593012486279,709,1.269156022777882,-0.1035231129178128,0.2689578036760143,-0.09036706358202613,76.69921875,1.3197506893982334
18,GoC,/media/npyx/4TB_ssd/optag_recordings/GoC/20-03-06_DK186/20-03-06_DK186_probe1,615,41.796056166192685,81.54372587120478,0.013933333333333334,0.006,0.0062,5.449642152133031,0.6500791993008973,0.6158113730929266,1.2027255082279473,0.7349559448168528,0.46940641275368833,36.7687739543228,-0.19747373663467468,0.043538367859327715,3.0474686754769897,285,-121.74887229006592,3543,138.85310184549942,4150,238,460,724,350,2931,-6.087443614503297,607,1.1404877863236613,-0.1112694400308364,0.39905893359666017,-0.18640175605237055,166.9921875,1.4501452220268294
19,GoC,/media/npyx/4TB_ssd/optag_recordings/GoC/20-03-06_DK186/20-03-06_DK186_probe1,622,5.307373313763911,8.108812531350406,0.1489,0.095,0.054233333333333335,6.779494153584586,0.6261642928855815,0.567982837881788,0.7035256499676249,0.6934700524370743,0.4241302825819371,4.298482230421889,-0.34923541392441754,0.037642868196924265,1.5073569986839719,290,-58.11458047475301,3036,68.84431171103182,4150,534,222,813,394,2651,-2.905729023737651,1114,1.1846306236511537,-0.1392375000782779,0.21079947248041192,-0.14104706943092404,99.43359375,3.5087800356208505
20,PkC_ss,/media/npyx/4TB_ssd/optag_recordings/GoC/20-03-06_DK186/20-03-06_DK186_probe1,357,103.58561252395576,117.78212045091932,0.008366666666666666,0.006,0.005633333333333333,6.861089521581904,0.3547872266408959,0.28441410693970415,0.4114217232083894,0.3684719174516567,0.15270361232760657,22.50162536902576,-0.07615969273309031,0.011986235625051085,1.495472575052855,204,-243.37438254665213,3442,263.88746912733257,4150,271,323,797,433,3024,-12.168719127332608,708,1.0842861371276342,-0.10924109460782111,0.35390416018560034,-0.16852346031720825,199.86328125,0.9710495023941766
21,PkC_ss,/media/npyx/4TB_ssd/optag_recordings/GoC/20-03-06_DK186/20-03-06_DK186_probe1,370,90.8131973499039,97.78375743346182,0.010466666666666668,0.008,0.0069,7.228010096954368,0.2809879291626164,0.24000000000000002,0.28059217693482286,0.2868333457002207,0.09141054742983834,12.936541732979734,-0.05991475634765162,0.0069159129825137776,0.7705910933595377,206,-278.5952721940176,3138,290.49012503430293,4150,458,238,856,387,2835,-13.92976360970088,1012,1.0426958172929857,-0.10702001215240663,0.28003499129111065,-0.29862615507940454,248.84765625,1.235311599641881
22,PkC_ss,/media/npyx/4TB_ssd/optag_recordings/GoC/20-03-06_DK186/20-03-06_DK186_probe1,409,97.19028749408868,106.19482671140145,0.009266666666666666,0.008,0.006566666666666667,6.907507721796025,0.2980321714115392,0.23387096774193541,0.3351944684366462,0.30632491313290133,0.1097978441305566,15.346177008085087,-0.06436621467524825,0.008439255489427987,1.4451890944312333,220,-272.7814343784302,4150,239.73398051591656,4757,213,203,712,327,3813,-13.639071718921512,607,0.8788500619999422,-0.10190292174644376,0.4589897960550134,-0.2287996778789302,336.15234375,2.9989487443031813
23,PkC_ss,/media/npyx/4TB_ssd/optag_recordings/GoC/20-03-06_DK186/20-03-06_DK186_probe1,783,83.08400526943093,91.56662638993525,0.0112,0.008,0.0071,7.1703165536513165,0.34981261266906855,0.3045871559633028,0.3292016485176354,0.36070561713527965,0.13836521059327409,17.809378904685566,-0.06990493651136996,0.010678910792787696,0.9686402347851607,230,-378.84776344676163,4150,347.0492376166301,4858,233,319,778,348,32,-18.94238817233808,708,0.9160651615286621,-0.10693302168410322,0.4240189174625951,-0.2452235582444393,284.4140625,1.2954736683731962
24,PkC_ss,/media/npyx/4TB_ssd/optag_recordings/GoC/20-03-06_DK186/20-03-06_DK186_probe1,826,0.0,0.0,0.0,0.0,0.0,0.0,0.0,0.0,0.0,0.0,0.0,0.0,0.0,0.0,0.0,118,-94.74133421377607,3239,128.43563477634467,4150,365,305,873,493,2772,-4.737066710688803,911,1.355645197971776,-0.10481153319312699,0.2504010456500928,-0.07128826196621005,167.2265625,1.309411964555451
25,PkC_ss,/media/npyx/4TB_ssd/optag_recordings/GoC/20-03-06_DK186/20-03-06_DK186_probe1,1004,82.10745381770624,98.48660875671104,0.010333333333333333,0.008,0.0061,6.926717916238388,0.4552754172948034,0.39742212674543503,0.47219359809666317,0.48080600009335844,0.23461767415401952,29.150854012288505,-0.09492599959193977,0.019004907104854366,1.337292433495506,195,-125.04633044045003,3341,145.07677432080132,4150,293,344,853,435,2907,-6.252316522022502,809,1.160184179813979,-0.1089026976132771,0.31935041333522374,-0.19480423378463047,222.0703125,1.530566553335412
26,PkC_ss,/media/npyx/4TB_ssd/optag_recordings/GoC/20-03-06_DK186/20-03-06_DK186_probe1,1124,71.30040848049362,78.24090964920352,0.0132,0.012,0.008266666666666667,7.168260634609793,0.33965439938256725,0.2972067039106146,0.3175836559996411,0.34955724066912525,0.13033754843864573,14.590011337576483,-0.07079037649783128,0.01002043154559235,0.8886926159524965,218,-597.0040540957738,4150,260.49498696487376,5162,235,417,1054,550,1997,-29.85020270478869,1012,0.4363370485974692,-0.03214576353950412,0.17954392595937277,-0.10954260745320618,506.70000000000005,0.6657750662382405
27,PkC_cs,/media/npyx/4TB_ssd/optag_recordings/GoC/20-03-06_DK186/20-03-06_DK186_probe1,364,1.1741425109644912,12.375770282353173,0.7248666666666667,0.006,0.007743333333333333,6.473005282253749,0.979427280871752,0.8593666381738714,0.8086972954876622,1.4753098227575538,0.9877043888794503,5.043578989251732,-2.0117883870883175,0.15606542890768932,1.15843650302359,204,-74.87702387486279,3441,168.21718921514818,4150,296,3111,3903,2897,135,-3.7438511937431396,709,2.2465795314765566,-0.1268529029166308,0.21380038365057322,-0.033178935784747336,126.09375,1.9590760549256352
28,PkC_cs,/media/npyx/4TB_ssd/optag_recordings/GoC/20-03-06_DK186/20-03-06_DK186_probe1,369,0.7872366572268246,1.8986424952671972,1.0872166666666665,0.005,0.17741500000000004,6.928346047493366,0.796942922394126,0.718972849727527,0.6568948873886197,0.9853508619208206,0.6861899685399027,1.8398327161948922,-21.05751598195867,0.0759969814992526,0.8697148486280871,206,-228.6649715285401,3239,240.92026276070249,4150,442,253,872,350,1435,-11.433248576427005,911,1.0535949653776893,-0.12429211731470302,0.3082491737756149,-0.2017900146679886,204.4921875,1.4264727224252336
29,PkC_cs,/media/npyx/4TB_ssd/optag_recordings/GoC/20-03-06_DK186/20-03-06_DK186_probe1,402,1.6022079440701453,2.755476125707254,0.5387,0.07200000000000001,0.11765833333333334,7.153009236810132,0.78574890920133,0.7544764078548661,0.650621040538824,0.9170923264988944,0.6356272729547757,2.5679308859643006,-1.0436179990777552,0.061716885185737244,0.8550144806049356,218,-400.5696435922065,3239,441.6528668701975,4150,382,234,3245,359,1411,-20.028482179610325,911,1.1025619987315243,-0.12773859375684374,0.28619765938106145,-0.3330884804125219,687.12890625,0.284045625759935
30,PkC_cs,/media/npyx/4TB_ssd/optag_recordings/GoC/20-03-06_DK186/20-03-06_DK186_probe1,1031,2.661195642058881,255.3996296139709,0.0038666666666666667,0.001,0.0016333333333333334,4.483143134508004,1.5826576099142988,1.9800142755174874,1.4156816835001578,4.268559248047436,2.231009313103307,29.946995827810664,-0.8304623654379298,0.6835663168768241,1.4086142011296288,199,-195.0331237993963,3037,340.18650092618,4150,394,1075,851,713,233,-9.751656189969815,1113,1.744249870478837,-0.12202822281146834,0.12470679549631003,-0.06139617329905344,358.0078125,0.49613277490701707
31,PkC_cs,/media/npyx/4TB_ssd/optag_recordings/GoC/20-03-06_DK186/20-03-06_DK186_probe1,1109,2.554905283852999,114.91785127219894,0.19501666666666667,0.004,0.0028333333333333335,5.209821714732654,1.5285882661958643,1.9418070444104134,1.2105616620023594,3.46176243544682,2.077056123426375,24.116750324180174,-0.9225493045346023,0.5142725128088028,1.2168591563468258,222,-83.39556462678378,3442,146.53782330543356,4150,267,397,782,375,2945,-4.16977823133919,708,1.7571416892640195,-0.11374826301492325,0.27594102979330487,-0.13760580236206915,172.44140625,5.097717449687749
32,GoC,/media/npyx/4TB_ssd/optag_recordings/GoC/20-03-06_DK186/20-03-06_DK186_probe2,447,10.287118489363992,13.93887939406592,0.09016666666666667,0.05,0.030263333333333333,7.362401683081073,0.39100517243443933,0.33698220922497635,0.5025136414998866,0.4078736115676129,0.1757571088367092,3.7109536725822783,-0.2244034093788081,0.013967347728616495,0.5853598367005577,244,-41.69508095499451,2935,46.11128739023051,4150,536,300,927,442,2509,-2.0847540477497257,1215,1.1059167252847604,-0.12265008154496256,0.202903739160776,-0.17194542402253252,21.09375,0.5814121691782045
33,GoC,/media/npyx/4TB_ssd/optag_recordings/GoC/20-03-06_DK186/20-03-06_DK186_probe2,448,4.110054587009929,7.584573260847328,0.1977,0.055,0.0507,6.758807894775255,0.781325430338627,0.746125011226036,0.7652971065210278,0.910590761346952,0.6299310676447673,5.43398049807481,-0.46876642483264114,0.06098081312772899,1.2113101063871137,244,-39.467425048024154,2936,45.87819875137212,4150,502,328,954,429,2470,-1.9733712524012077,1214,1.162432023258353,-0.12331937584654472,0.198490285189965,-0.19219662662092316,27.83203125,0.5810680512987995
34,GoC,/media/npyx/4TB_ssd/optag_recordings/GoC/20-03-06_DK186/20-03-06_DK186_probe2,452,15.272501046824434,19.538644382241454,0.06316666666666666,0.058,0.0223,7.32473824796958,0.38525439752810486,0.32779244989902123,0.4441250075544068,0.4016875284080106,0.17199373205179322,5.060633722186557,-0.1750984269295734,0.013656880270397465,0.48917248582938205,248,-27.94626011937431,4150,27.303401138858398,5567,634,270,1146,484,172,-1.3973130059687155,1417,0.9769966006982724,-0.10791327765703014,0.21772952784587532,-0.18211108171948243,17.40234375,0.9160254128658445
35,GoC,/media/npyx/4TB_ssd/optag_recordings/GoC/20-03-06_DK186/20-03-06_DK186_probe2,463,12.650478264237403,18.398541910500626,0.06676666666666667,0.033,0.023466666666666667,7.061592693260352,0.6362918915564166,0.5964610987833407,0.6219289126685523,0.7030760835228635,0.43007439403623293,9.791353037037272,-0.22726413220359318,0.03790060162089478,1.1472795960259725,258,-35.44921875,2733,43.827095911086715,4150,607,253,963,456,2348,-1.7724609375,1417,1.2363346064174323,-0.1201134016564416,0.15969133280003972,-0.19424479066882602,31.5234375,0.9206110314200587
36,GoC,/media/npyx/4TB_ssd/optag_recordings/GoC/20-03-06_DK186/20-03-06_DK186_probe2,464,6.36186009602848,13.759284901130123,0.10576666666666666,0.044,0.024866666666666665,6.730291598594473,0.8124579890438539,0.7778488745199508,0.9050743612001684,0.9657877779546626,0.6811997828823474,9.219982754877163,-0.40347340052557573,0.0685315770739377,1.5053712807658013,261,-56.058332189901165,4150,32.864533308177826,4859,219,217,820,363,67,-2.8029166094950586,709,0.58625599485991,-0.05376521280993326,0.2987508453356076,-0.3505586670263379,59.47265625,2.5242731999904553
37,GoC,/media/npyx/4TB_ssd/optag_recordings/GoC/20-03-06_DK186/20-03-06_DK186_probe2,468,32.63414143535768,35.70795528710107,0.0294,0.027,0.017833333333333333,7.017577547320952,0.27537189464438383,0.22685571309424524,0.2983095271535134,0.2818399194908882,0.09200961744980193,4.994468108331995,-0.08480979201410631,0.0070357099205638676,0.7989544604310408,263,-48.8671875,4201,30.116608637486276,5061,326,235,839,337,36,-2.443359375,860,0.616295108808672,-0.0717709320638808,0.3292303979706233,-0.381107056414058,53.02734375,3.2604301309293553
38,GoC,/media/npyx/4TB_ssd/optag_recordings/GoC/20-03-06_DK186/20-03-06_DK186_probe2,469,1.278728448481472,6.0310658580197,0.46613333333333334,0.015,0.0356,6.359503404459572,0.9892028547874864,0.971581921213112,1.0710633207028497,1.3206973806429019,0.9714834816235445,5.1502517150443055,-1.4386707728277879,0.12020860716332334,1.7106531409544905,265,-109.40179919044994,4150,51.56211409165752,4858,201,165,698,292,40,-5.470089959522497,708,0.4713095623034192,-0.05403707785052295,0.34191694844682613,-0.4616661378047664,105.1171875,1.9835607445118062
39,GoC,/media/npyx/4TB_ssd/optag_recordings/GoC/20-03-06_DK186/20-03-06_DK186_probe2,476,21.940249163835105,33.249465343392714,0.03746666666666667,0.023,0.0122,7.078019176901671,0.6555293231980305,0.6133743274404304,0.6476961919222473,0.7301673366479402,0.4563328579555453,18.108873394077165,-0.19813293120537062,0.04086572375836739,1.1606542636654906,270,-50.20519604143796,4150,46.40625,5466,497,235,933,362,66,-2.5102598020718982,1316,0.9243316162274834,-0.11229172397229663,0.18662317809380596,-0.2845746638602291,29.53125,1.4838504048201828
40,GoC,/media/npyx/4TB_ssd/optag_recordings/GoC/20-03-06_DK186/20-03-06_DK186_probe2,522,50.924841224000396,74.79685201180224,0.017166666666666667,0.012,0.004233333333333334,7.056883884783663,0.4412816324290921,0.3666666666666667,0.547129031257314,0.4731398326478844,0.23614858370800038,23.389172731265468,-0.1498239048462706,0.020225075489679077,0.9522020422891063,316,-84.81229847008774,4150,65.625,4808,211,202,773,351,0,-4.2406149235043875,658,0.7737674981552957,-0.08513424210794415,0.348835986200254,-0.38802309036148885,129.375,4.661874180558797
41,GoC,/media/npyx/4TB_ssd/optag_recordings/GoC/20-03-06_DK186/20-03-06_DK186_probe2,529,33.81030783643816,39.06933890827437,0.026966666666666667,0.023,0.0146,6.974361380166827,0.3123094706006435,0.2549712006709859,0.40498597537037584,0.32208155717533876,0.11913870402450301,6.095543916401855,-0.10584758609294319,0.009267914592796267,1.2607112820716848,317,-28.112136388583973,2936,37.49742727771679,4150,301,303,893,758,2540,-1.4056068194291989,1214,1.3338519264207924,-0.0883908362022673,0.05263728633725966,-0.277279329295184,24.609375,6.307663926036457
42,GoC,/media/npyx/4TB_ssd/optag_recordings/GoC/20-03-06_DK186/20-03-06_DK186_probe2,530,19.60746632264476,74.87169412570498,0.04575,0.003,0.0030666666666666668,6.67007988811873,0.8007125024992577,0.6567685589519652,0.8070138596208368,1.0212272252829502,0.7167864716336149,46.31396460657949,-0.3477443343971909,0.0839662145575237,0.9836573605471316,314,-48.4567096597146,3441,78.86602977497256,4150,269,562,828,632,2659,-2.42283548298573,709,1.6275564380826981,-0.1047638872830566,0.31971894338236084,-0.03754100318672487,47.9296875,2.5360944785269783
43,GoC,/media/npyx/4TB_ssd/optag_recordings/GoC/20-11-05_DK215/20-11-05_DK215_probe1,1844,11.200172718134597,36.64452423831829,0.0457,0.008,0.008233333333333334,5.301955211395062,0.8878632293379313,0.8742724027668082,1.4291052297995837,1.1113781592350667,0.8042919173188027,24.490960333247962,-0.36426546601851706,0.08931767710645132,3.583373253741632,260,-38.48586717892424,4150,16.87139818880351,4757,169,227,1244,334,78,-1.924293358946212,607,0.4383790577036207,-0.009244229825315791,0.3492325915530247,-0.31671270595862727,46.69921875,9.147194202302906
44,GrC,/media/npyx/ssd2/ago/optotag/recordings/GrC/22-03-04_MO003_GrC,250,4.571164654977117,16.878937435828536,0.0957,0.03,0.016581666666666668,5.633640329305833,0.6902169446918145,0.5854886701762417,1.4483051277195609,0.8220364029581434,0.5448327640544335,7.427455468458181,-0.5244889910165801,0.05695545959586301,2.7670217670298998,249,-26.35625343029635,4150,4.568382958287596,5162,205,148,628,293,366,-1.3178126715148175,1012,0.17333203182195342,-0.02251448520554388,0.24986080074845435,-0.4851674070772034,31.69921875,160.90120204277193
45,GrC,/media/npyx/4TB_ssd/optag_recordings/GrC/19-10-22_YC022/19-10-22_YC022_probe1,692,24.327111086766635,87.15475754493663,0.02005,0.002,0.003033333333333333,5.824304201954221,0.9277613635877237,0.903581267217631,1.3351345770836391,1.208581749247264,0.8813104364250373,57.85039894190696,-0.3015628105871687,0.10505332786447664,2.5499554761262266,266,-67.48089753704716,4150,41.12252161086717,4757,190,155,664,316,3947,-3.374044876852358,607,0.6093950008339889,-0.07906662776493147,0.3725653835390514,-0.39803744857228984,26.66015625,5.083473216508073
46,GrC,/media/npyx/4TB_ssd/optag_recordings/GrC/19-10-22_YC022/19-10-22_YC022_probe1,706,9.033544522933294,37.06871182727673,0.0542,0.012,0.00721,5.919200521743694,0.8202773414660243,0.7555846232105226,1.3165175842553323,1.0198926707232117,0.7179883987992446,21.113508123058736,-0.423681769845352,0.07991389296496394,2.429281495556357,274,-71.96412338776058,4150,43.113680021953904,4656,152,146,466,255,3977,-3.598206169388029,506,0.5990996345449341,-0.09089331116987494,0.39709463166755193,-0.5599139922913359,5.5078125,6.180049362818792
47,PkC_ss,/media/npyx/4TB_ssd/optag_recordings/GrC/19-10-22_YC022/19-10-22_YC022_probe1,975,120.87484483726098,146.15127535858548,0.0068,0.005,0.004166666666666667,6.48012120088233,0.3564008541053657,0.2295081967213114,0.5382714344397573,0.3750680182569771,0.17461861318864677,27.845608226666002,-0.08867571982876007,0.014100784689302103,2.039016031406775,125,-159.37725113199775,2834,187.37586614983533,4150,556,233,990,480,2497,-7.968862556599888,1316,1.1756751030587727,-0.11632720356775296,0.18037285940529918,-0.23014226800033305,185.0390625,1.2782628510614025
48,PkC_ss,/media/npyx/4TB_ssd/optag_recordings/GrC/19-10-22_YC022/19-10-22_YC022_probe1,997,77.98987674657722,87.07196392270585,0.011633333333333334,0.01,0.0074,6.928108536879853,0.35949936075568434,0.30046235938646537,0.3709069637205619,0.37280248590979703,0.15156586781571804,17.645188632177376,-0.07517444121541557,0.011870571637800406,1.44525860686241,94,-395.93308349341356,4150,327.6183023463227,4758,200,262,733,342,37,-19.796654174670678,608,0.8274587701933545,-0.08880159901306821,0.37015723819308727,-0.29296928714412807,158.90625,1.1303821926565245
49,PkC_cs,/media/npyx/4TB_ssd/optag_recordings/GrC/19-10-22_YC022/19-10-22_YC022_probe1,285,1.1663532197099324,2.094562604552454,0.7642,0.077,0.15223333333333333,7.231817931933415,0.7958128840957182,0.7864551261524837,0.6389072199409698,0.9392165399639469,0.6594178516220723,2.1577345284662095,-1.9126821265675424,0.06536876548831075,0.7197925816516426,94,-331.8481793701974,4150,319.3042930159165,4757,210,214,750,297,456,-16.59240896850987,607,0.9621999241397453,-0.10662762230904915,0.47035179220647316,-0.329727910948783,198.1640625,1.3466962442860895
50,PkC_cs,/media/npyx/4TB_ssd/optag_recordings/GrC/19-10-22_YC022/19-10-22_YC022_probe1,441,0.0,0.0,0.0,0.0,0.0,0.0,0.0,0.0,0.0,0.0,0.0,0.0,0.0,0.0,0.0,125,-224.08996381037315,4150,214.9050879871021,4859,273,236,879,356,3258,-11.204498190518658,709,0.959012551623939,-0.09291698073511813,0.3817982655503048,-0.22196621126225063,412.44140625,0.7863046248775717
51,GrC,/media/npyx/4TB_ssd/optag_recordings/GrC/18-12-13_YC008/18-12-13_YC008_probe1,445,6.911009718841547,29.788237845693672,0.1254,0.007,0.006980000000000002,6.539706933670298,0.6054912341566735,0.49890920831198815,0.891006993973995,0.7042835580642248,0.4348084984920598,14.822438212122027,-0.5035252392670941,0.044451286915790096,1.5151861485582279,327,-38.31310887760706,4049,9.137730687431395,4758,207,136,594,387,643,-1.915655443880353,709,0.23850141518461174,-0.03633528672614835,0.2576147306053534,-0.26670439480264746,47.4609375,24.14275823145165
52,GrC,/media/npyx/4TB_ssd/optag_recordings/GrC/18-12-13_YC008/18-12-13_YC008_probe1,459,5.6896200939455115,10.151515862021833,0.1121,0.077,0.041825,5.322996712705976,0.3886212228025565,0.2676612549363755,1.2136292758402054,0.4210577669575961,0.21289933321778617,2.083671899541497,-0.3565677045665913,0.01884904893135623,3.9243691705519343,342,-97.31965216794715,4150,44.69223809687157,4758,225,156,643,234,3965,-4.865982608397358,608,0.4592313792875561,-0.07084114355670729,0.4379824653590459,-0.5328459034295572,35.09765625,9.32145570670939
53,GrC,/media/npyx/4TB_ssd/optag_recordings/GrC/18-12-17_YC009/18-12-17_YC009_probe1,453,51.079086909338194,83.02971127365606,0.012033333333333333,0.008,0.006566666666666667,5.2988163851009045,0.522961308943758,0.42141662685140946,1.0867270244710934,0.5773012954025749,0.3328350385380374,25.645764695052183,-0.16222670960903954,0.029946055651455503,3.5405736252170366,338,-79.26570218166847,4150,75.10175116630079,5264,542,222,966,423,73,-3.963285109083424,1114,0.9474684396812084,-0.12001286676152532,0.2723159003039732,-0.2536608117634316,2.6953125,0.9876000934326148
54,PkC_ss,/media/npyx/4TB_ssd/optag_recordings/MFB/21-06-13_DK283/21-06-13_DK283_probe1,132,0.0,0.0,0.0,0.0,0.0,0.0,0.0,0.0,0.0,0.0,0.0,0.0,0.0,0.0,0.0,44,-130.5617324711854,4150,88.82632409440176,4757,195,189,665,284,38,-6.52808662355927,607,0.6803396555265953,-0.08995003113169303,0.43088918676644267,-0.38290911661863747,140.859375,7.144653671855551
55,PkC_ss,/media/npyx/4TB_ssd/optag_recordings/MFB/21-06-13_DK283/21-06-13_DK283_probe1,177,81.70282204389285,96.87161646056946,0.010933333333333333,0.008,0.005866666666666667,6.600249298844647,0.4197089253776554,0.36264282165921513,0.463457072737729,0.44050197549781256,0.20166936381891898,25.614618148914964,-0.09188675377228228,0.016206230097617867,1.7181508806741543,61,-144.05752607025246,3340,192.23168650521401,4150,313,248,872,496,2953,-7.202876303512624,810,1.3344091888088407,-0.09599325112506678,0.2490166646101645,-0.07824653262636479,207.421875,1.2594422350310983
56,PkC_ss,/media/npyx/4TB_ssd/optag_recordings/MFB/21-06-13_DK283/21-06-13_DK283_probe1,581,159.83354537319948,169.11360913397627,0.0059,0.005,0.004333333333333333,6.716926260493978,0.23342300491585838,0.18530351437699685,0.2638930349178603,0.23764235657443003,0.06854242113714766,16.05441616079361,-0.046481681679536625,0.005178129548444591,1.5528493477668948,77,-194.8287853320527,3441,203.01692422475298,4150,282,298,825,403,2977,-9.741439266602635,709,1.0420273568854057,-0.10813101449875988,0.4070242156800816,-0.1201617290986394,188.203125,4.119288029337169
57,PkC_ss,/media/npyx/4TB_ssd/optag_recordings/MFB/21-06-13_DK283/21-06-13_DK283_probe1,1841,104.97914873416352,148.4091696541418,0.0067,0.004,0.003833333333333333,6.299156020360079,0.584293768749302,0.5081081081081081,0.7452699132337811,0.6458849021441936,0.3904641524419175,56.85403315530601,-0.1217225109325925,0.03458748411363541,2.0475922694110205,41,-355.3992650590011,2936,394.54529277579576,4150,464,255,958,446,2577,-17.769963252950056,1214,1.1101466197750745,-0.1071727159901869,0.16707413234051685,-0.3305378693810084,218.0859375,0.5043379151261151
58,PkC_cs,/media/npyx/4TB_ssd/optag_recordings/MFB/21-06-13_DK283/21-06-13_DK283_probe1,141,1.440489086083304,2.491950023231285,0.5991666666666666,0.093,0.1261,7.283398561521821,0.7885332793323145,0.7613188385409213,0.6326446378159813,0.9260368888452882,0.6466243131725355,2.418148105063215,-1.2378049429651745,0.06349790924186646,0.7292863993644542,41,-269.0625,3644,262.9955063117453,4352,251,180,883,346,3306,-13.453125,708,0.9774513591145007,-0.10587382886151663,0.44617536940515895,-0.14565779694380915,227.578125,5.691424873913829
59,PkC_cs,/media/npyx/4TB_ssd/optag_recordings/MFB/21-06-13_DK283/21-06-13_DK283_probe1,142,1.4843251378673334,2.4616669145232133,0.5940333333333333,0.081,0.13021333333333332,7.311334236203018,0.7467562454753631,0.7090569183510902,0.6057567249342046,0.8651495107155499,0.5847159607911339,2.2236005027350183,-1.1647618372286315,0.05642564322825273,0.6452360163433574,45,-134.70548761663008,2328,151.11308829582876,4150,867,517,1599,587,202,-6.7352743808315045,1822,1.1218035060746336,-0.07882430685428701,0.16258938609949658,-0.06628826899305346,68.90625,0.049988678557512226
60,PkC_cs,/media/npyx/4TB_ssd/optag_recordings/MFB/21-06-13_DK283/21-06-13_DK283_probe1,1250,0.0,0.0,0.0,0.0,0.0,0.0,0.0,0.0,0.0,0.0,0.0,0.0,0.0,0.0,0.0,77,-137.11522794319433,2328,171.19916729555433,3037,240,223,758,333,62,-6.855761397159717,709,1.2485788038545267,-0.13306258400554746,0.3144522564769449,-0.30392065227701964,210.41015625,1.8910971638643335
61,MFB,/media/npyx/4TB_ssd/optag_recordings/MFB/21-06-14_DK284/21-06-14_DK284_probe1,407,7.466312052337362,16.820078661855508,0.10013333333333334,0.056,0.0178,6.8894385119180575,0.8274985692500683,0.7892504845768654,0.8356392385269675,1.0018948161017618,0.711224435864547,12.413630119172119,-0.3846427505705689,0.07438039508250072,1.3771435328503177,210,-119.21364743413832,3138,126.03329102634467,4150,420,203,867,447,2791,-5.960682371706916,1012,1.057205225567601,-0.11303956979211838,0.26674802051165386,-0.1356366423906027,110.859375,0.5664781917342386
62,MFB,/media/npyx/4TB_ssd/optag_recordings/MFB/21-06-14_DK284/21-06-14_DK284_probe1,421,5.938107720936874,20.147834475070916,0.10146666666666666,0.015,0.0135,6.482297946373115,0.9662609327927328,0.9569205896356934,1.0336555544691963,1.2527464160474613,0.9343962589073537,14.961220552516142,-0.4899350907398097,0.10882421598955717,1.591165552158623,217,-94.43370094676175,4150,89.87766705543359,4758,209,211,602,336,3862,-4.721685047338087,608,0.9517541529596867,-0.14284057166832115,0.4202918180958227,-0.3095214999839464,90.234375,1.6109123060269188
63,MFB,/media/npyx/ssd2/ago/optotag/recordings/MFB/19-01-23_YC012/19-01-23_YC012_probe1,724,2.6600872418442876,27.26921473934952,0.09748333333333334,0.008,0.009136666666666668,4.761701884551271,0.943968758077939,0.8906212438613964,1.807364172051484,1.293817736045195,0.9302097142887693,14.128734207493864,-0.7422519195321098,0.12194427334201978,3.2726770003881924,249,-219.29672492453346,4151,173.66113388446766,4656,165,134,447,263,3987,-10.964836246226675,505,0.7919002618221026,-0.12158865992945986,0.34120674710339655,-0.6067851466504167,155.859375,4.304141890082965
64,MFB,/media/npyx/ssd2/ago/optotag/recordings/MFB/19-01-23_YC012/19-01-23_YC012_probe1,745,0.0,0.0,0.0,0.0,0.0,0.0,0.0,0.0,0.0,0.0,0.0,0.0,0.0,0.0,0.0,253,-80.21053444017562,4150,57.127105344401755,4656,146,106,469,285,3915,-4.010526722008781,506,0.7122144958030363,-0.10239804182239991,0.47993976128900023,-0.3035765661529795,42.1875,3.313852633244709
65,MFB,/media/npyx/ssd2/ago/optotag/recordings/MFB/19-01-23_YC012/19-01-23_YC012_probe1,796,9.536145849479725,23.57986399400042,0.06216666666666667,0.038,0.013275000000000002,5.52559061306673,0.7480148299488366,0.7008149010477299,1.2688220152971283,0.8868552660096202,0.607887694269958,14.088643302618141,-0.3461903472055281,0.06175484748021716,3.2294711717222486,267,-58.41719693331489,4150,17.811985455543358,4757,180,88,519,209,4040,-2.9208598466657447,607,0.30490996471255394,-0.03691789614492437,0.4164912129999927,-0.7059300437196423,32.05078125,68.75347440371355
66,MFB,/media/npyx/ssd2/ago/optotag/recordings/MFB/19-01-23_YC012/19-01-23_YC012_probe1,810,20.270893992484353,77.77477595125508,0.026,0.001,0.002443333333333334,4.2778444408442375,0.5573664075152613,0.35331869658517223,1.9240942268167116,0.7551666222692665,0.4562136917928826,31.617024777481756,-0.2966064704054332,0.06592774842056791,5.211161249586744,268,-38.25708784989023,3239,42.12723398051591,4150,352,334,869,480,2758,-1.9128543924945118,911,1.1011615454320782,-0.11763054685722499,0.2811210130255086,-0.14693440786274467,70.546875,0.7718847655533335
67,MFB,/media/npyx/ssd2/ago/optotag/recordings/MFB/19-01-23_YC012/19-01-23_YC012_probe1,823,15.999559054314885,49.430759338471596,0.030983333333333335,0.023,0.0057666666666666665,4.689478444977094,0.5253109113385426,0.3362126245847177,1.821859248541479,0.6468637909236727,0.40154006020186117,18.97283903388103,-0.2963007964060471,0.04701513203540889,4.425514589554932,272,-214.39266602634453,4150,154.6875,5314,712,221,855,325,59,-10.719633301317227,1164,0.7215148860595447,-0.0938016085425662,0.2676077445460775,-0.356204495567374,142.96875,0.926285247929892
68,MFB,/media/npyx/ssd2/ago/optotag/recordings/MFB/19-01-23_YC012/19-01-23_YC012_probe1,824,25.004787910579857,58.78945960991339,0.0274,0.002,0.004103333333333335,5.3969010349748165,0.45974302590699867,0.311001086384288,1.1897448217916087,0.5338124021293252,0.30429205136219756,22.539298102919147,-0.2477846740271081,0.03221249623924514,4.090190108083129,276,-148.88588261525797,4150,120.51904672063667,5162,542,245,1039,382,3741,-7.4442941307628985,1012,0.8094726283221547,-0.10527686967840108,0.3306945720862012,-0.09611671536770088,91.58203125,0.9560558689547974
69,MFB,/media/npyx/4TB_ssd/optag_recordings/MFB/19-01-24_YC013/19-01-24_YC013_probe1,321,11.035786637803373,20.78483930066415,0.06963333333333334,0.025,0.0161,6.711218127897494,0.613191808265763,0.5370194672851218,0.8095264941435786,0.6877073691865444,0.42178476853847563,10.214894171229584,-0.297519975536559,0.03889432761740934,1.6762331221155087,229,-91.56016311059255,4150,30.41015625,4555,142,123,425,186,3997,-4.578008155529628,405,0.3321330501920203,-0.03553482587538105,0.4877788027778964,-0.6253740939768384,29.58984375,30.14333118840715
70,MFB,/media/npyx/4TB_ssd/optag_recordings/MFB/20-07-21_DK206/20-07-21_DK206_probe1,305,8.573717161936283,12.989061937045555,0.09613333333333333,0.068,0.03303333333333333,6.916176524515597,0.5621463931918262,0.4825154898202674,0.6028902100739134,0.6259626374687298,0.36704376228051205,6.2573352878363515,-0.27064061192605443,0.033788507142392225,1.3382439321477522,214,-224.54358374117203,4150,88.08104581026818,4656,148,153,561,231,3967,-11.227179187058603,506,0.3922670349458654,-0.05430375641184291,0.43077431044995673,-0.5137322629142076,171.77581787109375,31.925927400616015
71,PkC_ss,/media/npyx/4TB_ssd/optag_recordings/MLI/21-06-11_DK278/21-06-11_DK278_probe1,63,106.35861481180716,121.11996072045388,0.008666666666666666,0.006,0.004966666666666667,7.187318101818381,0.38488463500745457,0.3386243386243385,0.37567400970679327,0.3994625609111998,0.1665208171339569,27.8350169148695,-0.07644385650200958,0.013026212841296795,0.9105248087834309,56,-350.7143377812843,3441,394.1885848312293,4150,289,284,831,432,3004,-17.535716889064215,709,1.12395913815493,-0.0964495021672842,0.3596290725329885,-0.10937535986001434,388.0078125,0.8010834412381169
72,PkC_ss,/media/npyx/4TB_ssd/optag_recordings/MLI/21-06-11_DK278/21-06-11_DK278_probe1,481,91.3944438572319,98.1031335583278,0.010333333333333333,0.009000000000000001,0.007033333333333333,6.961569344683587,0.2727228938224609,0.22302158273381292,0.2864347803926101,0.2788677561485503,0.09019510870116582,12.427950188568126,-0.05845755849556208,0.006868869249800982,1.2308384690008447,106,-190.36266808452234,4150,127.1484375,4555,151,148,460,250,3963,-9.518133404226118,405,0.667927376619586,-0.10300173768404376,0.48608403388641275,-0.4560610967248759,108.046875,1.6620461846679584
73,PkC_ss,/media/npyx/4TB_ssd/optag_recordings/MLI/21-06-11_DK278/21-06-11_DK278_probe1,489,80.41903744435949,101.79095300211036,0.010433333333333333,0.006,0.0054,6.665880955634329,0.4875531353482971,0.4274570982839314,0.5597858099193099,0.5197659136289069,0.26734458513343146,33.01450636616107,-0.1078796605822123,0.022131704739628454,1.7203971585379474,51,-772.8673204239848,3442,962.1084102291438,4150,206,240,728,408,3141,-38.64336602119924,708,1.2448558566318264,-0.11866835691069018,0.31168915666411096,-0.2187213406508442,1735.13671875,1.0013665895041002
74,PkC_ss,/media/npyx/4TB_ssd/optag_recordings/MLI/21-06-11_DK278/21-06-11_DK278_probe1,1185,31.900825882401005,37.5980781892107,0.027633333333333333,0.024,0.015566666666666666,6.52127376004519,0.3164936268803095,0.25988588629142884,0.47253453577205423,0.32638524317559875,0.12089617433874553,6.068107021198874,-0.11392600476368223,0.009401396453967975,1.9867028893483643,108,-156.1635994099889,4150,124.04296875,4555,166,171,590,256,3893,-7.808179970499445,405,0.7943142269943457,-0.10070667859852192,0.5348942930272343,-0.3852877710911954,280.25390625,10.038784385884338
75,PkC_cs,/media/npyx/4TB_ssd/optag_recordings/MLI/21-06-11_DK278/21-06-11_DK278_probe1,54,1.5147480705300183,2.7359555548389505,0.5786666666666667,0.085,0.10886666666666667,7.192972455502679,0.804863692560409,0.7486442134875362,0.6505781397555619,0.950264005509755,0.6652752728114453,2.5926049534540807,-1.1582861931424995,0.06608488586807564,0.7083252451753415,51,-664.98046875,3644,991.6308486553237,4150,155,157,604,262,3456,-33.2490234375,506,1.4912180060255698,-0.15893833190974954,0.3385176944424474,-0.3433002039613933,1177.67578125,0.578747453794953
76,PkC_cs,/media/npyx/4TB_ssd/optag_recordings/MLI/21-06-11_DK278/21-06-11_DK278_probe1,64,1.3410237100723306,2.847782843284571,0.6410666666666667,0.084,0.09012,7.21778909383367,0.8495441684121621,0.8162637998847495,0.6857090430243434,1.0424582940345377,0.7517903412124116,2.8353853294193234,-1.4588592369955504,0.08019854446937115,0.6956970267058854,56,-351.5558752401206,4150,335.2109846665752,4758,236,242,754,338,44,-17.57779376200603,608,0.953506990709851,-0.10902218478902918,0.4206081410848929,-0.2489688339656228,368.26171875,0.9053274406655122
77,PkC_cs,/media/npyx/4TB_ssd/optag_recordings/MLI/21-06-11_DK278/21-06-11_DK278_probe1,240,0.0,0.0,0.0,0.0,0.0,0.0,0.0,0.0,0.0,0.0,0.0,0.0,0.0,0.0,0.0,114,-145.51098552414928,2126,226.10537012897913,4150,656,1912,1464,1031,140,-7.275549276207464,2024,1.553871477912946,-0.08105729198413827,0.03749455756912604,-0.1498334763299909,133.359375,4.208634174339834
78,PkC_cs,/media/npyx/4TB_ssd/optag_recordings/MLI/21-06-11_DK278/21-06-11_DK278_probe1,1058,0.9247486781593508,1.5952772494648368,0.9650333333333333,0.0,0.1763,6.9869311943748915,0.7693138455071199,0.7169446089176421,0.6186953827226906,0.9069259033685207,0.6239250645346466,1.765198506316907,-4.97715645084253,0.0623308896461816,0.915405549930969,106,-107.50171514818885,3745,178.68032210482977,4150,181,131,499,209,1304,-5.375085757409443,405,1.6621160123680139,-0.17151353446582762,0.47842870769774476,-0.3156612490973795,102.7734375,2.006849795195179
79,MLI,/media/npyx/4TB_ssd/optag_recordings/MLI/19-12-13_YC007/19-12-13_YC007_probe1,272,4.733793339272028,15.349059700402702,0.12636666666666665,0.015,0.0177,6.4223932714335366,0.8885801566622584,0.8607175810289898,1.0749500402015313,1.1098715542465662,0.8067913988416412,10.83981947350534,-0.5316310739590163,0.08892452582371578,1.8141355740275529,266,-125.94877709934131,4150,54.37178409714599,4758,188,234,1201,323,50,-6.297438854967066,608,0.43169759444556244,-0.012353567872476313,0.39373781130096164,-0.2803528198395675,122.63671875,5.888534522392039
80,MLI,/media/npyx/4TB_ssd/optag_recordings/MLI/19-12-13_YC007/19-12-13_YC007_probe1,273,28.04285661185509,45.03272075550643,0.029366666666666666,0.008,0.008766666666666667,7.0264373845653765,0.7107208205555849,0.6767600302800908,0.6833807459436617,0.8046399980384642,0.5280523732766615,27.394339596445093,-0.19634704873616915,0.048536716829846824,1.1425746900708107,269,-79.13082721597146,4151,44.11176763172338,4758,181,312,1019,338,75,-3.9565413607985733,607,0.5574536395446658,-0.03594896441454707,0.3373286908318328,-0.3815631058250683,46.171875,1.6275480305144585
81,MLI,/media/npyx/4TB_ssd/optag_recordings/MLI/19-12-13_YC007/19-12-13_YC007_probe1,274,4.251309485472434,26.59013280163955,0.04496666666666667,0.026000000000000002,0.016266666666666665,1.3898657180002272,0.708923422520424,0.6690563278376778,5.1836956407024735,0.8770245461497556,0.5557239619809113,13.528615706086544,-0.355147125987371,0.06548856412965029,7.830271566611637,267,-72.33125085757402,4150,29.17891568331504,5365,423,169,929,316,3943,-3.616562542878701,1215,0.40340676177121065,-0.038293198806909866,0.20194147506059318,-0.4424779854949681,68.26171875,4.3525403533150095
82,MLI,/media/npyx/4TB_ssd/optag_recordings/MLI/19-12-13_YC007/19-12-13_YC007_probe1,300,4.364286762683574,14.242719181985318,0.13143333333333335,0.028,0.019128333333333334,6.332204459212407,0.8487619940157095,0.8124962451186543,1.1191627970386517,1.0384584330207232,0.7409798173111032,10.126540919855993,-0.5490451827930426,0.07908691315152352,1.9588168881019068,283,-73.51052243413825,4150,59.521795245609226,4657,184,182,525,313,3904,-3.6755261217069126,507,0.8097044242739232,-0.11204036244285874,0.3754857876512115,-0.3896210989450945,85.83984375,12.29738427688243
83,MLI,/media/npyx/4TB_ssd/optag_recordings/MLI/19-12-13_YC007/19-12-13_YC007_probe1,503,2.811687869142423,14.950010514078901,0.18901666666666667,0.01,0.014533333333333334,6.179321702987964,1.0054752328055754,1.011964376742931,1.187326245211969,1.3520081525300083,1.004293670640812,11.348700041452659,-0.7607595470717857,0.12489897851177399,1.8734912735611042,274,-64.6499382546652,4151,14.410525006860585,5061,331,133,1019,324,14,-3.2324969127332603,910,0.22290083170838462,-0.010380298891321704,0.24695696509570247,-0.5946511272060483,37.79296875,21.980523317365872
